{
    "manhattan_5": [
        0.03301405906677246,
        0.005931854248046875,
        0.0039997100830078125,
        0.008001089096069336,
        0.017994403839111328
    ],
    "manhattan_6": [
        0.032022714614868164,
        0.006001472473144531,
        0.003985404968261719,
        0.008940458297729492,
        0.01901388168334961
    ],
    "manhattan_7": [
        0.03299736976623535,
        0.006011486053466797,
        0.003998517990112305,
        0.007991790771484375,
        0.018024682998657227
    ],
    "manhattan_8": [
        0.032999515533447266,
        0.0069882869720458984,
        0.0040094852447509766,
        0.008994340896606445,
        0.019003629684448242
    ],
    "manhattan_9": [
        0.034006357192993164,
        0.005995512008666992,
        0.004014253616333008,
        0.008986234664916992,
        0.01900482177734375
    ],
    "manhattan_10": [
        0.033007144927978516,
        0.007002353668212891,
        0.004000186920166016,
        0.009002923965454102,
        0.019002914428710938
    ],
    "manhattan_11": [
        0.033008575439453125,
        0.006000041961669922,
        0.00400090217590332,
        0.009001731872558594,
        0.01800394058227539
    ],
    "manhattan_12": [
        0.033007144927978516,
        0.006002664566040039,
        0.00400090217590332,
        0.009001016616821289,
        0.03400778770446777
    ],
    "movements_5": [
        0.03500699996948242,
        0.0039975643157958984,
        0.0010001659393310547,
        0.005002260208129883,
        0.030066728591918945
    ],
    "movements_6": [
        0.031006336212158203,
        0.003999948501586914,
        0.0025014877319335938,
        0.004002809524536133,
        0.03138089179992676
    ],
    "movements_7": [
        0.03653764724731445,
        0.005001068115234375,
        0.0020008087158203125,
        0.004762411117553711,
        0.030224323272705078
    ],
    "movements_8": [
        0.030762910842895508,
        0.0050013065338134766,
        0.0020012855529785156,
        0.0049991607666015625,
        0.04029369354248047
    ],
    "movements_9": [
        0.046028852462768555,
        0.005999565124511719,
        0.003000497817993164,
        0.005002737045288086,
        0.033628225326538086
    ],
    "movements_10": [
        0.04912304878234863,
        0.004998445510864258,
        0.0010001659393310547,
        0.004001140594482422,
        0.03300881385803223
    ],
    "movements_11": [
        0.032817840576171875,
        0.005011558532714844,
        0.002001047134399414,
        0.005008220672607422,
        0.028990507125854492
    ],
    "movements_12": [
        0.030007600784301758,
        0.0050199031829833984,
        0.0020084381103515625,
        0.0049953460693359375,
        0.03005814552307129
    ]
}