{
    "manhattan_4": [
        0.03500795364379883,
        0.15703535079956055,
        0.03200721740722656,
        0.009004592895507812,
        0.024003028869628906,
        0.0070018768310546875,
        0.007002353668212891,
        0.059011220932006836,
        0.009002447128295898,
        0.014005661010742188,
        0.05501222610473633,
        0.024003028869628906,
        0.04401040077209473,
        0.0039997100830078125,
        0.005003690719604492
    ],
    "movements_4": [
        0.052016496658325195,
        0.07602167129516602,
        0.0330047607421875,
        0.005000591278076172,
        0.047011375427246094,
        0.004004716873168945,
        0.004000663757324219,
        0.024004697799682617,
        0.009003639221191406,
        0.007004261016845703,
        0.05400991439819336,
        0.05101346969604492,
        0.025005817413330078,
        0.0020012855529785156,
        0.001999378204345703
    ],
    "manhattan_5": [
        0.034010887145996094,
        0.1600475311279297,
        0.03300166130065918,
        0.008999824523925781,
        0.025007009506225586,
        0.00600123405456543,
        0.007002353668212891,
        0.0600130558013916,
        0.009001016616821289,
        0.01100301742553711,
        0.05401349067687988,
        0.024004697799682617,
        0.04401087760925293,
        0.0040018558502197266,
        0.004000186920166016
    ],
    "movements_5": [
        0.028006315231323242,
        0.06701445579528809,
        0.0490109920501709,
        0.0050013065338134766,
        0.04401040077209473,
        0.005006313323974609,
        0.0039975643157958984,
        0.024008512496948242,
        0.004997968673706055,
        0.0060024261474609375,
        0.04800987243652344,
        0.04801011085510254,
        0.027007102966308594,
        0.0020003318786621094,
        0.0030112266540527344
    ],
    "manhattan_6": [
        0.034009456634521484,
        0.14803147315979004,
        0.032007455825805664,
        0.01000356674194336,
        0.04501152038574219,
        0.007000923156738281,
        0.006001710891723633,
        0.05701422691345215,
        0.00900578498840332,
        0.010999202728271484,
        0.05301308631896973,
        0.025005102157592773,
        0.042022705078125,
        0.0039942264556884766,
        0.0039937496185302734
    ],
    "movements_6": [
        0.02900528907775879,
        0.07401704788208008,
        0.03300929069519043,
        0.005006074905395508,
        0.04701042175292969,
        0.0040013790130615234,
        0.0030069351196289062,
        0.02299642562866211,
        0.0070018768310546875,
        0.0060007572174072266,
        0.06202960014343262,
        0.050017595291137695,
        0.02701544761657715,
        0.002991199493408203,
        0.002012968063354492
    ],
    "manhattan_7": [
        0.03399944305419922,
        0.1550290584564209,
        0.03600811958312988,
        0.008002281188964844,
        0.027007579803466797,
        0.006002187728881836,
        0.010004520416259766,
        0.06601238250732422,
        0.013004302978515625,
        0.01699995994567871,
        0.07301497459411621,
        0.03500771522521973,
        0.048012495040893555,
        0.004002809524536133,
        0.004997968673706055
    ],
    "movements_7": [
        0.05201411247253418,
        0.08202123641967773,
        0.04400968551635742,
        0.010005712509155273,
        0.04900717735290527,
        0.0030024051666259766,
        0.003001689910888672,
        0.027005434036254883,
        0.00599980354309082,
        0.0069997310638427734,
        0.05801129341125488,
        0.05701303482055664,
        0.029007673263549805,
        0.0020067691802978516,
        0.0030090808868408203
    ],
    "manhattan_8": [
        0.034003496170043945,
        0.18104290962219238,
        0.03700518608093262,
        0.010005950927734375,
        0.031004667282104492,
        0.00800323486328125,
        0.008001565933227539,
        0.06001019477844238,
        0.011003255844116211,
        0.011013269424438477,
        0.05801725387573242,
        0.02300405502319336,
        0.04401087760925293,
        0.005002737045288086,
        0.007002115249633789
    ],
    "movements_8": [
        0.04500722885131836,
        0.08002185821533203,
        0.05600738525390625,
        0.005003452301025391,
        0.05001020431518555,
        0.0040056705474853516,
        0.0029981136322021484,
        0.02300429344177246,
        0.008002996444702148,
        0.008001089096069336,
        0.0490109920501709,
        0.05101132392883301,
        0.02900552749633789,
        0.0020012855529785156,
        0.002004384994506836
    ],
    "manhattan_9": [
        0.03400278091430664,
        0.17704081535339355,
        0.03600740432739258,
        0.010005712509155273,
        0.02800774574279785,
        0.033006906509399414,
        0.007003307342529297,
        0.09602117538452148,
        0.012003421783447266,
        0.01600360870361328,
        0.0910193920135498,
        0.02800750732421875,
        0.050009965896606445,
        0.0050008296966552734,
        0.0039997100830078125
    ],
    "movements_9": [
        0.033008575439453125,
        0.08001875877380371,
        0.049011945724487305,
        0.0050051212310791016,
        0.0500030517578125,
        0.005005836486816406,
        0.003998756408691406,
        0.026005029678344727,
        0.0070002079010009766,
        0.007006406784057617,
        0.07601642608642578,
        0.053017377853393555,
        0.028007984161376953,
        0.004002094268798828,
        0.002001523971557617
    ],
    "manhattan_10": [
        0.03500986099243164,
        0.189039945602417,
        0.05101180076599121,
        0.00900125503540039,
        0.028007030487060547,
        0.008002758026123047,
        0.00900721549987793,
        0.06100630760192871,
        0.010001420974731445,
        0.011003255844116211,
        0.05501294136047363,
        0.026007413864135742,
        0.04601025581359863,
        0.0029954910278320312,
        0.0030031204223632812
    ],
    "movements_10": [
        0.050008296966552734,
        0.06901431083679199,
        0.03300809860229492,
        0.007009029388427734,
        0.04501056671142578,
        0.003997325897216797,
        0.0030028820037841797,
        0.025005578994750977,
        0.008999109268188477,
        0.006005287170410156,
        0.05601024627685547,
        0.05001044273376465,
        0.02900552749633789,
        0.0030007362365722656,
        0.0030012130737304688
    ]
}