{
    "manhattan_5": [
        0.005005598068237305,
        0.009001493453979492,
        0.003001689910888672,
        0.009005308151245117,
        0.004998445510864258,
        0.011001825332641602,
        0.006000995635986328
    ],
    "manhattan_6": [
        0.006002187728881836,
        0.008001565933227539,
        0.0040013790130615234,
        0.008001565933227539,
        0.006467342376708984,
        0.012536287307739258,
        0.006001472473144531
    ],
    "manhattan_7": [
        0.005017518997192383,
        0.00800013542175293,
        0.00400853157043457,
        0.00801396369934082,
        0.006008625030517578,
        0.03000783920288086,
        0.008003473281860352
    ],
    "manhattan_8": [
        0.006003141403198242,
        0.009999752044677734,
        0.004003763198852539,
        0.007999897003173828,
        0.007388114929199219,
        0.011001825332641602,
        0.007003307342529297
    ],
    "manhattan_9": [
        0.00599980354309082,
        0.010008811950683594,
        0.00400233268737793,
        0.009547948837280273,
        0.007336139678955078,
        0.011922597885131836,
        0.0060002803802490234
    ],
    "manhattan_10": [
        0.006356716156005859,
        0.007997512817382812,
        0.00400233268737793,
        0.008490800857543945,
        0.006001472473144531,
        0.012003183364868164,
        0.006894588470458984
    ],
    "manhattan_11": [
        0.005994319915771484,
        0.008401870727539062,
        0.0038928985595703125,
        0.009000301361083984,
        0.0050008296966552734,
        0.009993553161621094,
        0.00772404670715332
    ],
    "manhattan_12": [
        0.0069997310638427734,
        0.008677959442138672,
        0.003002643585205078,
        0.00900125503540039,
        0.00800323486328125,
        0.010991096496582031,
        0.006995201110839844
    ],
    "movements_5": [
        0.003998517990112305,
        0.0052678585052490234,
        0.0027866363525390625,
        0.004000186920166016,
        0.005002021789550781,
        0.006002664566040039,
        0.004998207092285156
    ],
    "movements_6": [
        0.005126953125,
        0.0049991607666015625,
        0.002007007598876953,
        0.004792213439941406,
        0.00500178337097168,
        0.006273984909057617,
        0.004002571105957031
    ],
    "movements_7": [
        0.004582643508911133,
        0.00500798225402832,
        0.002000093460083008,
        0.005002498626708984,
        0.0039997100830078125,
        0.003988981246948242,
        0.0039980411529541016
    ],
    "movements_8": [
        0.00400090217590332,
        0.006843090057373047,
        0.003000020980834961,
        0.0050084590911865234,
        0.005739927291870117,
        0.005002260208129883,
        0.0050013065338134766
    ],
    "movements_9": [
        0.005028724670410156,
        0.005637407302856445,
        0.003000020980834961,
        0.01200413703918457,
        0.01200723648071289,
        0.007002115249633789,
        0.0050966739654541016
    ],
    "movements_10": [
        0.006967782974243164,
        0.005002737045288086,
        0.0030012130737304688,
        0.0050008296966552734,
        0.0049991607666015625,
        0.005001068115234375,
        0.004667758941650391
    ],
    "movements_11": [
        0.0040013790130615234,
        0.004000425338745117,
        0.0020012855529785156,
        0.004354953765869141,
        0.004999876022338867,
        0.0050051212310791016,
        0.004654407501220703
    ],
    "movements_12": [
        0.004999876022338867,
        0.0050008296966552734,
        0.0021872520446777344,
        0.005190134048461914,
        0.004998683929443359,
        0.004001617431640625,
        0.0050008296966552734
    ]
}