{
    "manhattan_5": [
        0.22605228424072266,
        0.023003101348876953,
        1.2262959480285645,
        8.264847755432129,
        0.0110015869140625,
        3.1427104473114014,
        55.81066060066223,
        0.051995038986206055,
        2.6536130905151367,
        2.5555670261383057,
        0.04702496528625488,
        0.09001326560974121
    ],
    "manhattan_6": [
        0.22506284713745117,
        0.021984100341796875,
        1.220290184020996,
        8.566128253936768,
        0.011002540588378906,
        3.1667251586914062,
        56.866490602493286,
        0.052997589111328125,
        2.482572317123413,
        2.389528274536133,
        0.04502224922180176,
        0.08901214599609375
    ],
    "manhattan_7": [
        0.22407031059265137,
        0.021985769271850586,
        1.1812491416931152,
        8.52888798713684,
        0.012001991271972656,
        3.2657487392425537,
        58.92571520805359,
        0.05500030517578125,
        2.3895537853240967,
        2.350515604019165,
        0.048017024993896484,
        0.09002542495727539
    ],
    "manhattan_8": [
        0.22304558753967285,
        0.021009445190429688,
        1.1812810897827148,
        7.947782278060913,
        0.01000213623046875,
        3.068690299987793,
        56.66071343421936,
        0.05401182174682617,
        2.4465577602386475,
        2.5475778579711914,
        0.046994924545288086,
        0.08903241157531738
    ],
    "manhattan_9": [
        0.2250504493713379,
        0.019999265670776367,
        1.215259313583374,
        8.51291799545288,
        0.012003421783447266,
        3.2777352333068848,
        56.87976360321045,
        0.05201148986816406,
        2.4675545692443848,
        2.5735864639282227,
        0.04902195930480957,
        0.09002113342285156
    ],
    "manhattan_10": [
        0.23006010055541992,
        0.021010637283325195,
        1.2452735900878906,
        8.64994215965271,
        0.011001110076904297,
        3.2807393074035645,
        57.244025230407715,
        0.05201005935668945,
        2.528876781463623,
        2.573133707046509,
        0.04678654670715332,
        0.08977556228637695
    ],
    "manhattan_11": [
        0.22507452964782715,
        0.023004531860351562,
        1.2362968921661377,
        8.5643150806427,
        0.011001110076904297,
        3.1417064666748047,
        56.63559532165527,
        0.05501270294189453,
        2.474562644958496,
        2.5275793075561523,
        0.04799842834472656,
        0.09003877639770508
    ],
    "manhattan_12": [
        0.22005033493041992,
        0.02500438690185547,
        1.209272861480713,
        8.398903608322144,
        0.010982036590576172,
        3.230724811553955,
        56.52968645095825,
        0.055011749267578125,
        2.4006545543670654,
        2.556574583053589,
        0.04600191116333008,
        0.08904099464416504
    ],
    "movements_5": [
        1.3553011417388916,
        0.012985467910766602,
        6.141387224197388,
        6.506476163864136,
        0.014998435974121094,
        6.9485602378845215,
        6.691516399383545,
        0.11303043365478516,
        10.432356595993042,
        0.537106990814209,
        0.061011552810668945,
        0.3530721664428711
    ],
    "movements_6": [
        1.3843090534210205,
        0.026012659072875977,
        6.200397968292236,
        6.618491888046265,
        0.014989137649536133,
        6.821547269821167,
        6.925554275512695,
        0.11603784561157227,
        10.557375431060791,
        0.5411455631256104,
        0.0460054874420166,
        0.3590657711029053
    ],
    "movements_7": [
        1.3823297023773193,
        0.012990474700927734,
        6.162389755249023,
        6.5424768924713135,
        0.015989065170288086,
        6.860533714294434,
        6.494457483291626,
        0.11204051971435547,
        10.287308692932129,
        0.5201168060302734,
        0.05701279640197754,
        0.36408209800720215
    ],
    "movements_8": [
        1.3603055477142334,
        0.02701425552368164,
        6.11437463760376,
        6.526747941970825,
        0.01598954200744629,
        6.720533609390259,
        6.937572240829468,
        0.11403059959411621,
        10.602683544158936,
        0.5300977230072021,
        0.04702615737915039,
        0.32607221603393555
    ],
    "movements_9": [
        1.36332368850708,
        0.01199483871459961,
        6.193373441696167,
        6.622487306594849,
        0.01400303840637207,
        6.937838077545166,
        6.597140073776245,
        0.14052057266235352,
        10.463346481323242,
        0.5321183204650879,
        0.05801272392272949,
        0.35308194160461426
    ],
    "movements_10": [
        1.367323875427246,
        0.024992942810058594,
        6.289428472518921,
        6.590472459793091,
        0.015004873275756836,
        6.708504915237427,
        6.936561822891235,
        0.11601877212524414,
        10.663406372070312,
        0.5321061611175537,
        0.04600858688354492,
        0.3430790901184082
    ],
    "movements_11": [
        1.3573105335235596,
        0.015003204345703125,
        6.218391418457031,
        6.590721130371094,
        0.014988183975219727,
        6.900557041168213,
        6.522476434707642,
        0.11802124977111816,
        10.293309211730957,
        0.521111011505127,
        0.05801796913146973,
        0.35506701469421387
    ],
    "movements_12": [
        1.3413052558898926,
        0.023005962371826172,
        6.0693628787994385,
        6.447447299957275,
        0.014004707336425781,
        6.679501533508301,
        6.888564109802246,
        0.1130378246307373,
        10.468464136123657,
        0.518115758895874,
        0.04601144790649414,
        0.32708191871643066
    ]
}