{
    "manhattan_4": [
        0.014003515243530273,
        0.00799417495727539,
        0.013002157211303711,
        0.012002229690551758,
        0.018990278244018555
    ],
    "movements_4": [
        0.0059926509857177734,
        0.006007194519042969,
        0.007001638412475586,
        0.008002042770385742,
        0.009002447128295898
    ],
    "manhattan_5": [
        0.013002872467041016,
        0.009003639221191406,
        0.014001131057739258,
        0.01800537109375,
        0.029010534286499023
    ],
    "movements_5": [
        0.008998632431030273,
        0.007999897003173828,
        0.008002042770385742,
        0.008002758026123047,
        0.0110015869140625
    ],
    "manhattan_6": [
        0.013004779815673828,
        0.009008646011352539,
        0.01300048828125,
        0.01200246810913086,
        0.01900458335876465
    ],
    "movements_6": [
        0.007012128829956055,
        0.005990505218505859,
        0.008001327514648438,
        0.008002042770385742,
        0.00900411605834961
    ],
    "manhattan_7": [
        0.01400303840637207,
        0.013003110885620117,
        0.019002914428710938,
        0.01100015640258789,
        0.018004655838012695
    ],
    "movements_7": [
        0.0070018768310546875,
        0.006001710891723633,
        0.007000923156738281,
        0.008011579513549805,
        0.008994817733764648
    ],
    "manhattan_8": [
        0.013010263442993164,
        0.008001327514648438,
        0.013003826141357422,
        0.011002063751220703,
        0.03701639175415039
    ],
    "movements_8": [
        0.00600123405456543,
        0.0070018768310546875,
        0.008004188537597656,
        0.008002996444702148,
        0.009006261825561523
    ],
    "manhattan_9": [
        0.014009952545166016,
        0.008988380432128906,
        0.014006376266479492,
        0.012006282806396484,
        0.018001079559326172
    ],
    "movements_9": [
        0.005002498626708984,
        0.007001399993896484,
        0.0070035457611083984,
        0.008001089096069336,
        0.010002613067626953
    ]
}