{
    "manhattan_5": [
        0.04400968551635742,
        0.09402298927307129,
        0.08465123176574707,
        0.02100229263305664,
        0.01301121711730957,
        0.009004831314086914,
        0.013995647430419922,
        0.35605955123901367,
        0.03301191329956055,
        0.018854856491088867,
        0.9442398548126221,
        0.7741754055023193,
        0.29505085945129395,
        0.010019540786743164,
        0.006001472473144531
    ],
    "manhattan_6": [
        0.04300975799560547,
        0.09802031517028809,
        0.09002947807312012,
        0.02200770378112793,
        0.014017581939697266,
        0.009987592697143555,
        0.014020681381225586,
        0.33908820152282715,
        0.03302001953125,
        0.019989490509033203,
        0.9362280368804932,
        0.7611899375915527,
        0.2980678081512451,
        0.020008325576782227,
        0.006001710891723633
    ],
    "manhattan_7": [
        0.04402661323547363,
        0.0950171947479248,
        0.08101844787597656,
        0.022003173828125,
        0.014003992080688477,
        0.010002374649047852,
        0.015003204345703125,
        0.3540995121002197,
        0.033988237380981445,
        0.019003629684448242,
        0.9212214946746826,
        0.7551543712615967,
        0.30806994438171387,
        0.009000062942504883,
        0.006000995635986328
    ],
    "manhattan_8": [
        0.04501152038574219,
        0.09403777122497559,
        0.0780026912689209,
        0.023012161254882812,
        0.014003276824951172,
        0.009994745254516602,
        0.014017820358276367,
        0.35508012771606445,
        0.03301739692687988,
        0.018007755279541016,
        0.930225133895874,
        0.7701640129089355,
        0.2950770854949951,
        0.009981632232666016,
        0.006001472473144531
    ],
    "manhattan_9": [
        0.0430300235748291,
        0.09301543235778809,
        0.08902668952941895,
        0.022997617721557617,
        0.01300358772277832,
        0.00900125503540039,
        0.014003753662109375,
        0.33907651901245117,
        0.03490471839904785,
        0.0200042724609375,
        0.9432187080383301,
        0.7591590881347656,
        0.30907416343688965,
        0.008992910385131836,
        0.0060083866119384766
    ],
    "manhattan_10": [
        0.04300284385681152,
        0.09202861785888672,
        0.07603168487548828,
        0.023005247116088867,
        0.01400303840637207,
        0.009995222091674805,
        0.015996932983398438,
        0.3570995330810547,
        0.032006025314331055,
        0.01900482177734375,
        0.9152219295501709,
        0.7471675872802734,
        0.3070712089538574,
        0.009008646011352539,
        0.006008148193359375
    ],
    "manhattan_11": [
        0.04200291633605957,
        0.09202742576599121,
        0.07792162895202637,
        0.021996498107910156,
        0.014011859893798828,
        0.00900125503540039,
        0.017003536224365234,
        0.3508424758911133,
        0.03302741050720215,
        0.019984960556030273,
        0.9491631984710693,
        0.7481667995452881,
        0.2960684299468994,
        0.008992433547973633,
        0.006015777587890625
    ],
    "manhattan_12": [
        0.041008710861206055,
        0.10303735733032227,
        0.07801079750061035,
        0.022011280059814453,
        0.013996601104736328,
        0.009994745254516602,
        0.015004634857177734,
        0.3380749225616455,
        0.033007144927978516,
        0.0200045108795166,
        0.9362189769744873,
        0.7471697330474854,
        0.3050515651702881,
        0.010008811950683594,
        0.005993843078613281
    ],
    "movements_5": [
        0.09502959251403809,
        0.1550276279449463,
        0.605151891708374,
        0.016985654830932617,
        0.012012481689453125,
        0.015014171600341797,
        0.010982513427734375,
        0.40810680389404297,
        0.040993690490722656,
        0.03900790214538574,
        1.4723310470581055,
        1.4343221187591553,
        0.4811074733734131,
        0.006001472473144531,
        0.0030007362365722656
    ],
    "movements_6": [
        0.09303522109985352,
        0.16504263877868652,
        0.578150749206543,
        0.017021894454956055,
        0.012010335922241211,
        0.015009880065917969,
        0.023005008697509766,
        0.38510632514953613,
        0.0400090217590332,
        0.03802227973937988,
        1.465334177017212,
        1.4343104362487793,
        0.4891178607940674,
        0.006000995635986328,
        0.004002809524536133
    ],
    "movements_7": [
        0.0960390567779541,
        0.16803383827209473,
        0.62015700340271,
        0.01699972152709961,
        0.011996030807495117,
        0.015018224716186523,
        0.01100301742553711,
        0.3831048011779785,
        0.0400233268737793,
        0.039014339447021484,
        1.4663450717926025,
        1.4233219623565674,
        0.5011048316955566,
        0.004995584487915039,
        0.0030014514923095703
    ],
    "movements_8": [
        0.1000204086303711,
        0.15704822540283203,
        0.5991287231445312,
        0.01700901985168457,
        0.012002229690551758,
        0.014997243881225586,
        0.011025190353393555,
        0.3851287364959717,
        0.04198956489562988,
        0.04903078079223633,
        1.5003511905670166,
        1.399310827255249,
        0.4941258430480957,
        0.004986286163330078,
        0.004011631011962891
    ],
    "movements_9": [
        0.09503483772277832,
        0.17004179954528809,
        0.5949621200561523,
        0.01701068878173828,
        0.012003183364868164,
        0.015002965927124023,
        0.011009454727172852,
        0.4051041603088379,
        0.04100775718688965,
        0.03899574279785156,
        1.4833202362060547,
        1.4423348903656006,
        0.4751098155975342,
        0.005996227264404297,
        0.002993345260620117
    ],
    "movements_10": [
        0.09602689743041992,
        0.173020601272583,
        0.6271569728851318,
        0.015982627868652344,
        0.012017250061035156,
        0.014998912811279297,
        0.01100468635559082,
        0.38910412788391113,
        0.04101729393005371,
        0.03900885581970215,
        1.460329294204712,
        1.423318862915039,
        0.46610450744628906,
        0.004991054534912109,
        0.002999544143676758
    ],
    "movements_11": [
        0.10403680801391602,
        0.15403413772583008,
        0.6071317195892334,
        0.01601099967956543,
        0.012009382247924805,
        0.014997720718383789,
        0.011008024215698242,
        0.3830859661102295,
        0.04001331329345703,
        0.05002236366271973,
        1.49135422706604,
        1.4022951126098633,
        0.4921293258666992,
        0.006012678146362305,
        0.004000663757324219
    ],
    "movements_12": [
        0.09403610229492188,
        0.16904211044311523,
        0.5891482830047607,
        0.017004966735839844,
        0.013998985290527344,
        0.016007184982299805,
        0.02303290367126465,
        0.38910651206970215,
        0.04101204872131348,
        0.03900337219238281,
        1.4943299293518066,
        1.4423165321350098,
        0.4801137447357178,
        0.0049991607666015625,
        0.0030007362365722656
    ]
}