{
    "manhattan_5": [
        0.03300762176513672,
        0.006001710891723633,
        0.0039997100830078125,
        0.009002685546875,
        0.018004417419433594,
        0.008000612258911133,
        0.0480191707611084
    ],
    "manhattan_6": [
        0.03300762176513672,
        0.005830526351928711,
        0.0030066967010498047,
        0.008236885070800781,
        0.018009662628173828,
        0.007992744445800781,
        0.027524709701538086
    ],
    "manhattan_7": [
        0.04682779312133789,
        0.00599980354309082,
        0.00400090217590332,
        0.007995367050170898,
        0.019003629684448242,
        0.00800466537475586,
        0.03041863441467285
    ],
    "manhattan_8": [
        0.03324580192565918,
        0.0059947967529296875,
        0.0040056705474853516,
        0.009003639221191406,
        0.018010377883911133,
        0.008011579513549805,
        0.028018474578857422
    ],
    "manhattan_9": [
        0.03375387191772461,
        0.007000923156738281,
        0.003092527389526367,
        0.009001970291137695,
        0.018004179000854492,
        0.007997274398803711,
        0.02759718894958496
    ],
    "manhattan_10": [
        0.03401827812194824,
        0.005992889404296875,
        0.005002260208129883,
        0.009001493453979492,
        0.018005847930908203,
        0.007999658584594727,
        0.02980184555053711
    ],
    "manhattan_11": [
        0.03487825393676758,
        0.007002592086791992,
        0.00400233268737793,
        0.009000062942504883,
        0.019003868103027344,
        0.007659912109375,
        0.028262853622436523
    ],
    "manhattan_12": [
        0.03200721740722656,
        0.0070209503173828125,
        0.0029821395874023438,
        0.00919198989868164,
        0.018004655838012695,
        0.009001016616821289,
        0.04653596878051758
    ],
    "movements_5": [
        0.030992984771728516,
        0.0040013790130615234,
        0.0010001659393310547,
        0.004000663757324219,
        0.029005765914916992,
        0.019003629684448242,
        0.022004127502441406
    ],
    "movements_6": [
        0.031005859375,
        0.0040013790130615234,
        0.0020012855529785156,
        0.005002498626708984,
        0.030005693435668945,
        0.013864755630493164,
        0.022627592086791992
    ],
    "movements_7": [
        0.031012296676635742,
        0.0050008296966552734,
        0.0020008087158203125,
        0.0050013065338134766,
        0.029076576232910156,
        0.015002965927124023,
        0.021004676818847656
    ],
    "movements_8": [
        0.03167080879211426,
        0.004000186920166016,
        0.002001047134399414,
        0.004003047943115234,
        0.04888033866882324,
        0.014003515243530273,
        0.021004438400268555
    ],
    "movements_9": [
        0.03402209281921387,
        0.003993988037109375,
        0.002015352249145508,
        0.004987001419067383,
        0.02915167808532715,
        0.013881206512451172,
        0.021997451782226562
    ],
    "movements_10": [
        0.030008554458618164,
        0.0050046443939208984,
        0.001997709274291992,
        0.00500035285949707,
        0.0290067195892334,
        0.014022350311279297,
        0.020986080169677734
    ],
    "movements_11": [
        0.031010866165161133,
        0.005014896392822266,
        0.0029878616333007812,
        0.004998683929443359,
        0.0290224552154541,
        0.013022899627685547,
        0.03902864456176758
    ],
    "movements_12": [
        0.03099536895751953,
        0.0049974918365478516,
        0.0019979476928710938,
        0.005013942718505859,
        0.03400993347167969,
        0.014989376068115234,
        0.021010637283325195
    ]
}