{
    "manhattan_4": [
        0.06201291084289551,
        0.13202357292175293,
        0.06575703620910645,
        0.01601409912109375,
        0.009001731872558594,
        0.010002374649047852,
        0.019023656845092773,
        0.2980821132659912,
        0.02601003646850586,
        0.016010522842407227,
        0.77618408203125,
        0.7251796722412109,
        0.42209529876708984,
        0.009999513626098633,
        0.006005764007568359
    ],
    "movements_4": [
        0.04000377655029297,
        0.07502245903015137,
        0.2550666332244873,
        0.01100301742553711,
        0.0070154666900634766,
        0.007996320724487305,
        0.009001731872558594,
        0.13002920150756836,
        0.018003225326538086,
        0.015011072158813477,
        0.5631296634674072,
        0.54811692237854,
        0.16805362701416016,
        0.0040209293365478516,
        0.0029816627502441406
    ],
    "manhattan_5": [
        0.06302905082702637,
        0.1418607234954834,
        0.06601428985595703,
        0.01601099967956543,
        0.007993936538696289,
        0.009003877639770508,
        0.020002365112304688,
        0.27707839012145996,
        0.026998281478881836,
        0.015015363693237305,
        0.796173095703125,
        0.7451760768890381,
        0.4300980567932129,
        0.00899195671081543,
        0.005881071090698242
    ],
    "movements_5": [
        0.038008689880371094,
        0.07201576232910156,
        0.2700231075286865,
        0.010002613067626953,
        0.008012056350708008,
        0.008001327514648438,
        0.00799417495727539,
        0.11504125595092773,
        0.017026185989379883,
        0.01601123809814453,
        0.5791420936584473,
        0.521132230758667,
        0.18102383613586426,
        0.0050013065338134766,
        0.0030014514923095703
    ],
    "manhattan_6": [
        0.06202816963195801,
        0.13102412223815918,
        0.06701397895812988,
        0.016003847122192383,
        0.008002042770385742,
        0.009001970291137695,
        0.019001483917236328,
        0.2980837821960449,
        0.026010751724243164,
        0.017004728317260742,
        0.7781727313995361,
        0.7301802635192871,
        0.4200878143310547,
        0.009999513626098633,
        0.006003856658935547
    ],
    "movements_6": [
        0.04000449180603027,
        0.07403683662414551,
        0.2560577392578125,
        0.01000833511352539,
        0.006009817123413086,
        0.00700068473815918,
        0.007009983062744141,
        0.12802815437316895,
        0.018026351928710938,
        0.018008708953857422,
        0.5651438236236572,
        0.544126033782959,
        0.16503190994262695,
        0.003987550735473633,
        0.0030024051666259766
    ],
    "manhattan_7": [
        0.07303333282470703,
        0.13002419471740723,
        0.06599998474121094,
        0.0160214900970459,
        0.009990215301513672,
        0.009002208709716797,
        0.019016504287719727,
        0.2820572853088379,
        0.027007341384887695,
        0.01799488067626953,
        0.7951960563659668,
        0.7461676597595215,
        0.4271085262298584,
        0.010000228881835938,
        0.006006717681884766
    ],
    "movements_7": [
        0.039997100830078125,
        0.07201886177062988,
        0.2670602798461914,
        0.008991003036499023,
        0.0060002803802490234,
        0.007999897003173828,
        0.009000301361083984,
        0.1200265884399414,
        0.01700305938720703,
        0.015013456344604492,
        0.5841472148895264,
        0.5571455955505371,
        0.16903138160705566,
        0.003998756408691406,
        0.003008127212524414
    ],
    "manhattan_8": [
        0.06301379203796387,
        0.13004350662231445,
        0.06501960754394531,
        0.016004085540771484,
        0.024010419845581055,
        0.010022401809692383,
        0.01900458335876465,
        0.2780594825744629,
        0.026011943817138672,
        0.01600360870361328,
        0.7691817283630371,
        0.7541728019714355,
        0.40808820724487305,
        0.008994817733764648,
        0.006001710891723633
    ],
    "movements_8": [
        0.040022850036621094,
        0.09302091598510742,
        0.2390449047088623,
        0.009995460510253906,
        0.008008718490600586,
        0.007001399993896484,
        0.008002996444702148,
        0.1250472068786621,
        0.016991615295410156,
        0.016004085540771484,
        0.6021428108215332,
        0.5201129913330078,
        0.19504666328430176,
        0.004008293151855469,
        0.004000425338745117
    ],
    "manhattan_9": [
        0.06501460075378418,
        0.12904810905456543,
        0.06492805480957031,
        0.01701068878173828,
        0.008003711700439453,
        0.00901031494140625,
        0.0199887752532959,
        0.30607032775878906,
        0.026011943817138672,
        0.017003774642944336,
        0.7851855754852295,
        0.7331492900848389,
        0.4211008548736572,
        0.009994745254516602,
        0.006001472473144531
    ],
    "movements_9": [
        0.03802347183227539,
        0.07503223419189453,
        0.25905394554138184,
        0.010995149612426758,
        0.007008790969848633,
        0.00699925422668457,
        0.008002042770385742,
        0.11603975296020508,
        0.016996145248413086,
        0.017011404037475586,
        0.5781326293945312,
        0.5621421337127686,
        0.1670382022857666,
        0.0049915313720703125,
        0.003000497817993164
    ],
    "manhattan_10": [
        0.06302094459533691,
        0.1334242820739746,
        0.07801651954650879,
        0.018011808395385742,
        0.009002208709716797,
        0.010002613067626953,
        0.02200627326965332,
        0.2830779552459717,
        0.02700948715209961,
        0.017986536026000977,
        0.7701752185821533,
        0.7691905498504639,
        0.40909838676452637,
        0.00899195671081543,
        0.006011009216308594
    ],
    "movements_10": [
        0.054022789001464844,
        0.07702279090881348,
        0.2410593032836914,
        0.028029441833496094,
        0.008987188339233398,
        0.008011817932128906,
        0.006988525390625,
        0.1150202751159668,
        0.01702094078063965,
        0.0159912109375,
        0.5941486358642578,
        0.519115686416626,
        0.18804407119750977,
        0.005018472671508789,
        0.003000497817993164
    ]
}