{
    "manhattan_4": [
        0.31707286834716797,
        0.4221155643463135,
        0.735163688659668,
        0.2400519847869873,
        0.03301239013671875,
        0.018004417419433594,
        0.06899595260620117,
        3.5427162647247314,
        0.04902243614196777,
        0.06600451469421387,
        5.661267518997192,
        6.2474071979522705,
        5.024130821228027,
        0.013005256652832031,
        0.004995107650756836
    ],
    "movements_4": [
        0.1890418529510498,
        0.4341130256652832,
        2.6195759773254395,
        0.042022705078125,
        0.07894515991210938,
        0.018010616302490234,
        0.03701519966125488,
        1.277273416519165,
        0.1450328826904297,
        0.13905000686645508,
        5.267169713973999,
        4.171939373016357,
        1.6863772869110107,
        0.007996797561645508,
        0.0030057430267333984
    ],
    "manhattan_5": [
        0.3300662040710449,
        0.41310596466064453,
        0.7501845359802246,
        0.21805143356323242,
        0.03302335739135742,
        0.01899266242980957,
        0.07102799415588379,
        3.50877046585083,
        0.047029733657836914,
        0.06401777267456055,
        5.520242214202881,
        6.566478490829468,
        5.084144830703735,
        0.014011144638061523,
        0.006994962692260742
    ],
    "movements_5": [
        0.18604159355163574,
        0.4471147060394287,
        2.696592330932617,
        0.04202389717102051,
        0.060013532638549805,
        0.019021034240722656,
        0.03700852394104004,
        1.267284870147705,
        0.12703657150268555,
        0.13503789901733398,
        5.254169940948486,
        4.1439368724823,
        1.7353904247283936,
        0.008001327514648438,
        0.004015445709228516
    ],
    "manhattan_6": [
        0.3110826015472412,
        0.42709898948669434,
        0.737166166305542,
        0.21895074844360352,
        0.033020973205566406,
        0.01898932456970215,
        0.0810399055480957,
        3.5858073234558105,
        0.0490109920501709,
        0.06501317024230957,
        5.4649293422698975,
        6.29141902923584,
        5.0091259479522705,
        0.013016939163208008,
        0.005014896392822266
    ],
    "movements_6": [
        0.18204593658447266,
        0.4540977478027344,
        2.679598093032837,
        0.041022539138793945,
        0.058034420013427734,
        0.017021656036376953,
        0.037001848220825195,
        1.2812814712524414,
        0.12804818153381348,
        0.15772008895874023,
        5.212158918380737,
        4.113184928894043,
        1.7114975452423096,
        0.008003473281860352,
        0.0029997825622558594
    ],
    "manhattan_7": [
        0.32608985900878906,
        0.4320969581604004,
        0.7388474941253662,
        0.2200629711151123,
        0.03301072120666504,
        0.017015695571899414,
        0.06802725791931152,
        3.6298046112060547,
        0.052010536193847656,
        0.06503891944885254,
        5.578256130218506,
        6.220400333404541,
        5.079146385192871,
        0.013013362884521484,
        0.00699162483215332
    ],
    "movements_7": [
        0.17805886268615723,
        0.4430980682373047,
        2.6190454959869385,
        0.04200935363769531,
        0.06003260612487793,
        0.017006397247314453,
        0.03702831268310547,
        1.3223028182983398,
        0.1270430088043213,
        0.13302946090698242,
        5.289175748825073,
        4.090933799743652,
        1.712383508682251,
        0.00800013542175293,
        0.0029997825622558594
    ],
    "manhattan_8": [
        0.3270754814147949,
        0.4140911102294922,
        0.7271671295166016,
        0.23905515670776367,
        0.03297138214111328,
        0.02001810073852539,
        0.07001996040344238,
        3.493767738342285,
        0.04702448844909668,
        0.06502938270568848,
        5.496222972869873,
        6.1633875370025635,
        5.103150129318237,
        0.016005992889404297,
        0.006006956100463867
    ],
    "movements_8": [
        0.17705082893371582,
        0.4740867614746094,
        2.6686010360717773,
        0.04302978515625,
        0.061008453369140625,
        0.018012046813964844,
        0.03799319267272949,
        1.2822816371917725,
        0.13004350662231445,
        0.15102672576904297,
        5.162160634994507,
        4.151936292648315,
        1.7003989219665527,
        0.00800943374633789,
        0.003020048141479492
    ],
    "manhattan_9": [
        0.3340911865234375,
        0.4120934009552002,
        0.7611629962921143,
        0.21905279159545898,
        0.03300213813781738,
        0.017997264862060547,
        0.06703805923461914,
        3.4998080730438232,
        0.04702901840209961,
        0.0640108585357666,
        5.4682323932647705,
        6.342428922653198,
        5.031132221221924,
        0.013003349304199219,
        0.0049991607666015625
    ],
    "movements_9": [
        0.17905330657958984,
        0.46709179878234863,
        2.689605236053467,
        0.04202389717102051,
        0.06100726127624512,
        0.01900482177734375,
        0.036019086837768555,
        1.2922940254211426,
        0.12703704833984375,
        0.13403677940368652,
        5.213175296783447,
        4.142931222915649,
        1.7413928508758545,
        0.008002042770385742,
        0.003000020980834961
    ],
    "manhattan_10": [
        0.30907201766967773,
        0.44410037994384766,
        0.7411825656890869,
        0.2170391082763672,
        0.0320127010345459,
        0.018018007278442383,
        0.0690009593963623,
        3.584810495376587,
        0.04802107810974121,
        0.06502699851989746,
        5.592209100723267,
        6.249406814575195,
        5.094147443771362,
        0.015004873275756836,
        0.007001399993896484
    ],
    "movements_10": [
        0.1830427646636963,
        0.4361155033111572,
        2.617586851119995,
        0.04201006889343262,
        0.06202864646911621,
        0.017003774642944336,
        0.03601527214050293,
        1.3162972927093506,
        0.1270449161529541,
        0.1360464096069336,
        5.2551634311676025,
        4.10092568397522,
        1.7073862552642822,
        0.007998228073120117,
        0.0030031204223632812
    ]
}